,area_name_en,month,median_price
817,Burj Khalifa,2020-01-01,17944.075
818,Madinat Al Mataar,2020-01-01,6536.165
819,Wadi Al Safa 5,2020-01-01,4918.84
820,Me'Aisem First,2020-01-01,6401.91
821,Marsa Dubai,2020-01-01,12994.990000000002
822,Al Khairan First,2020-01-01,15399.245
823,Al Hebiah Fourth,2020-01-01,6391.14
824,Al Yelayiss 2,2020-01-01,6254.38
825,Al Barsha South Fifth,2020-01-01,6948.91
826,Jabal Ali First,2020-01-01,8181.2
827,Al Barsha South Fourth,2020-01-01,7040.15
828,Hadaeq Sheikh Mohammed Bin Rashid,2020-01-01,15366.490000000002
829,Nadd Hessa,2020-01-01,7431.809999999999
830,Al Merkadh,2020-01-01,15730.765
831,Business Bay,2020-01-01,15667.28
832,Al Thanyah Fifth,2020-01-01,9357.99
833,Al Barshaa South Third,2020-01-01,10248.24
834,Al Thanyah Fifth,2020-02-01,7627.799999999999
835,Al Barsha South Fourth,2020-02-01,7722.764999999999
836,Al Yelayiss 2,2020-02-01,7019.66
837,Al Khairan First,2020-02-01,18048.445
838,Marsa Dubai,2020-02-01,13711.54
839,Wadi Al Safa 5,2020-02-01,7024.450000000001
840,Al Merkadh,2020-02-01,14729.74
841,Me'Aisem First,2020-02-01,6121.26
842,Al Barsha South Fifth,2020-02-01,4951.389999999999
843,Al Barshaa South Third,2020-02-01,10646.39
844,Business Bay,2020-02-01,16271.11
845,Madinat Dubai Almelaheyah,2020-02-01,15521.195
846,Hadaeq Sheikh Mohammed Bin Rashid,2020-02-01,14596.45
847,Al Hebiah Fourth,2020-02-01,6918.07
848,Nadd Hessa,2020-02-01,7222.64
849,Burj Khalifa,2020-02-01,20089.44
850,Madinat Al Mataar,2020-02-01,9438.83
851,Jabal Ali First,2020-02-01,7649.94
852,Business Bay,2020-03-01,16395.385000000002
853,Al Khairan First,2020-03-01,16746.78
854,Burj Khalifa,2020-03-01,19283.98
855,Marsa Dubai,2020-03-01,13651.69
856,Wadi Al Safa 5,2020-03-01,9526.26
857,Al Merkadh,2020-03-01,15314.14
858,Me'Aisem First,2020-03-01,6508.219999999999
859,Madinat Al Mataar,2020-03-01,7983.585
860,Al Barsha South Fifth,2020-03-01,9383.06
861,Nadd Hessa,2020-03-01,7189.13
862,Al Thanyah Fifth,2020-03-01,9538.485
863,Jabal Ali First,2020-03-01,7864.73
864,Al Barsha South Fourth,2020-03-01,9458.18
865,Al Hebiah Fourth,2020-03-01,6716.235000000001
866,Al Yelayiss 2,2020-03-01,7261.35
867,Hadaeq Sheikh Mohammed Bin Rashid,2020-03-01,15000.63
868,Al Barshaa South Third,2020-03-01,10019.69
869,Business Bay,2020-04-01,16421.985
870,Wadi Al Safa 5,2020-04-01,9251.16
871,Me'Aisem First,2020-04-01,6769.39
872,Al Barsha South Fifth,2020-04-01,10643.575
873,Al Hebiah Fourth,2020-04-01,5459.855
874,Marsa Dubai,2020-04-01,20953.39
875,Al Thanyah Fifth,2020-04-01,10109.18
876,Al Barshaa South Third,2020-04-01,13855.42
877,Madinat Dubai Almelaheyah,2020-04-01,14703.48
878,Al Khairan First,2020-04-01,15397.72
879,Al Barsha South Fourth,2020-04-01,10958.53
880,Jabal Ali First,2020-04-01,9351.72
881,Nadd Hessa,2020-04-01,7222.64
882,Hadaeq Sheikh Mohammed Bin Rashid,2020-04-01,15717.71
883,Burj Khalifa,2020-04-01,19953.86
884,Al Yelayiss 2,2020-04-01,10387.355
885,Madinat Al Mataar,2020-04-01,8703.615
886,Al Merkadh,2020-04-01,17975.73
887,Madinat Al Mataar,2020-05-01,5839.24
888,Hadaeq Sheikh Mohammed Bin Rashid,2020-05-01,11494.98
889,Business Bay,2020-05-01,16479.74
890,Me'Aisem First,2020-05-01,6844.424999999999
891,Al Barsha South Fifth,2020-05-01,9149.325
892,Burj Khalifa,2020-05-01,11828.49
893,Al Barshaa South Third,2020-05-01,10737.29
894,Al Hebiah Fourth,2020-05-01,4574.67
895,Marsa Dubai,2020-05-01,13708.27
896,Al Thanyah Fifth,2020-05-01,10112.77
897,Al Khairan First,2020-05-01,15008.15
898,Al Merkadh,2020-05-01,17904.01
899,Al Yelayiss 2,2020-05-01,5984.42
900,Wadi Al Safa 5,2020-05-01,9469.95
901,Al Barsha South Fourth,2020-05-01,9890.15
902,Nadd Hessa,2020-05-01,7222.64
903,Jabal Ali First,2020-05-01,8951.91
904,Jabal Ali First,2020-06-01,8776.45
905,Madinat Al Mataar,2020-06-01,7987.79
906,Me'Aisem First,2020-06-01,7228.84
907,Business Bay,2020-06-01,16129.03
908,Hadaeq Sheikh Mohammed Bin Rashid,2020-06-01,11394.47
909,Al Barsha South Fifth,2020-06-01,10565.86
910,Al Barsha South Fourth,2020-06-01,10074.96
911,Al Barshaa South Third,2020-06-01,10145.99
912,Al Merkadh,2020-06-01,18083.37
913,Burj Khalifa,2020-06-01,20303.79
914,Al Thanyah Fifth,2020-06-01,9342.64
915,Wadi Al Safa 5,2020-06-01,5812.91
916,Marsa Dubai,2020-06-01,12421.740000000002
917,Nadd Hessa,2020-06-01,7418.285
918,Al Khairan First,2020-06-01,15252.73
919,Al Hebiah Fourth,2020-06-01,5920.04
920,Al Yelayiss 2,2020-06-01,7966.24
921,Business Bay,2020-07-01,11998.66
922,Al Barshaa South Third,2020-07-01,10024.375
923,Al Thanyah Fifth,2020-07-01,8383.64
924,Madinat Al Mataar,2020-07-01,6915.63
925,Al Khairan First,2020-07-01,15790.82
926,Al Barsha South Fourth,2020-07-01,9588.84
927,Hadaeq Sheikh Mohammed Bin Rashid,2020-07-01,11166.075
928,Jabal Ali First,2020-07-01,9808.2
929,Me'Aisem First,2020-07-01,7307.805
930,Al Merkadh,2020-07-01,15872.9
931,Wadi Al Safa 5,2020-07-01,9526.26
932,Al Hebiah Fourth,2020-07-01,4992.14
933,Burj Khalifa,2020-07-01,16878.235
934,Nadd Hessa,2020-07-01,6381.365
935,Al Barsha South Fifth,2020-07-01,11827.65
936,Marsa Dubai,2020-07-01,9034.05
937,Al Yelayiss 2,2020-07-01,8847.04
938,Al Khairan First,2020-08-01,13806.015
939,Al Merkadh,2020-08-01,14754.835
940,Hadaeq Sheikh Mohammed Bin Rashid,2020-08-01,15031.695
941,Al Hebiah Fourth,2020-08-01,5138.31
942,Burj Khalifa,2020-08-01,11830.585
943,Al Yelayiss 2,2020-08-01,10054.625
944,Al Thanyah Fifth,2020-08-01,7746.515
945,Jabal Ali First,2020-08-01,7801.99
946,Al Barsha South Fourth,2020-08-01,7799.46
947,Al Barsha South Fifth,2020-08-01,6134.57
948,Wadi Al Safa 5,2020-08-01,10135.12
949,Madinat Al Mataar,2020-08-01,4684.135
950,Nadd Hessa,2020-08-01,7353.780000000001
951,Me'Aisem First,2020-08-01,7032.79
952,Marsa Dubai,2020-08-01,10286.2
953,Al Barshaa South Third,2020-08-01,10881.835
954,Business Bay,2020-08-01,10873.4
955,Burj Khalifa,2020-09-01,13093.565
956,Al Barsha South Fifth,2020-09-01,6770.91
957,Me'Aisem First,2020-09-01,6887.555
958,Al Yelayiss 2,2020-09-01,8997.935000000001
959,Al Merkadh,2020-09-01,16736.28
960,Madinat Al Mataar,2020-09-01,8005.8
961,Hadaeq Sheikh Mohammed Bin Rashid,2020-09-01,13878.7
962,Al Barsha South Fourth,2020-09-01,7319.625
963,Al Barshaa South Third,2020-09-01,9764.345
964,Al Khairan First,2020-09-01,15721.42
965,Marsa Dubai,2020-09-01,10083.3
966,Wadi Al Safa 5,2020-09-01,7340.8
967,Al Hebiah Fourth,2020-09-01,5322.139999999999
968,Business Bay,2020-09-01,13856.32
969,Nadd Hessa,2020-09-01,6581.35
970,Al Thanyah Fifth,2020-09-01,7824.27
971,Jabal Ali First,2020-09-01,5765.465
972,Me'Aisem First,2020-10-01,6483.94
973,Wadi Al Safa 5,2020-10-01,9502.645
974,Burj Khalifa,2020-10-01,16937.83
975,Marsa Dubai,2020-10-01,10297.8
976,Al Khairan First,2020-10-01,16474.205
977,Al Barsha South Fifth,2020-10-01,5920.59
978,Al Thanyah Fifth,2020-10-01,7327.925
979,Jabal Ali First,2020-10-01,8410.965
980,Al Barshaa South Third,2020-10-01,10836.69
981,Al Yelayiss 2,2020-10-01,7092.6
982,Madinat Al Mataar,2020-10-01,5374.12
983,Nadd Hessa,2020-10-01,5620.175
984,Business Bay,2020-10-01,13240.155
985,Al Merkadh,2020-10-01,16753.79
986,Al Hebiah Fourth,2020-10-01,5518.23
987,Al Barsha South Fourth,2020-10-01,7768.765
988,Hadaeq Sheikh Mohammed Bin Rashid,2020-10-01,11680.72
989,Madinat Al Mataar,2020-11-01,4520.48
990,Al Barsha South Fifth,2020-11-01,5915.44
991,Burj Khalifa,2020-11-01,15952.44
992,Al Barsha South Fourth,2020-11-01,8341.82
993,Wadi Al Safa 5,2020-11-01,8966.33
994,Al Thanyah Fifth,2020-11-01,8944.65
995,Jabal Ali First,2020-11-01,8424.58
996,Business Bay,2020-11-01,13454.87
997,Hadaeq Sheikh Mohammed Bin Rashid,2020-11-01,15682.93
998,Al Khairan First,2020-11-01,14031.34
999,Al Barshaa South Third,2020-11-01,8371.2
1000,Al Merkadh,2020-11-01,16715.28
1001,Nadd Hessa,2020-11-01,5877.56
1002,Al Yelayiss 2,2020-11-01,10558.240000000002
1003,Me'Aisem First,2020-11-01,5722.34
1004,Al Hebiah Fourth,2020-11-01,6072.38
1005,Marsa Dubai,2020-11-01,10178.77
1006,Al Hebiah Fourth,2020-12-01,5165.219999999999
1007,Al Barsha South Fourth,2020-12-01,9598.67
1008,Madinat Al Mataar,2020-12-01,8183.66
1009,Hadaeq Sheikh Mohammed Bin Rashid,2020-12-01,11846.51
1010,Business Bay,2020-12-01,13873.96
1011,Al Yelayiss 2,2020-12-01,11315.8
1012,Nadd Hessa,2020-12-01,4769.85
1013,Jabal Ali First,2020-12-01,5833.845
1014,Al Khairan First,2020-12-01,12111.095
1015,Me'Aisem First,2020-12-01,6440.81
1016,Marsa Dubai,2020-12-01,10434.78
1017,Madinat Dubai Almelaheyah,2020-12-01,18964.64
1018,Al Merkadh,2020-12-01,16341.865
1019,Al Barshaa South Third,2020-12-01,8078.99
1020,Wadi Al Safa 5,2020-12-01,9149.31
1021,Al Barsha South Fifth,2020-12-01,6633.15
1022,Burj Khalifa,2020-12-01,13554.66
1023,Al Thanyah Fifth,2020-12-01,7826.48
1024,Al Barsha South Fourth,2021-01-01,9740.62
1025,Al Merkadh,2021-01-01,15948.12
1026,Al Hebiah Fourth,2021-01-01,5857.45
1027,Al Barshaa South Third,2021-01-01,7531.51
1028,Al Khairan First,2021-01-01,9270.67
1029,Jabal Ali First,2021-01-01,6803.44
1030,Al Barsha South Fifth,2021-01-01,7664.25
1031,Nadd Hessa,2021-01-01,5931.46
1032,Al Yelayiss 2,2021-01-01,9561.05
1033,Burj Khalifa,2021-01-01,11636.11
1034,Marsa Dubai,2021-01-01,10461.42
1035,Hadaeq Sheikh Mohammed Bin Rashid,2021-01-01,12341.759999999998
1036,Business Bay,2021-01-01,13162.29
1037,Me'Aisem First,2021-01-01,7284.39
1038,Al Thanyah Fifth,2021-01-01,8234.4
1039,Wadi Al Safa 5,2021-01-01,4087.62
1040,Madinat Al Mataar,2021-01-01,3977.035
1041,Burj Khalifa,2021-02-01,13174.51
1042,Al Barsha South Fourth,2021-02-01,9007.14
1043,Jabal Ali First,2021-02-01,6953.7
1044,Business Bay,2021-02-01,13435.51
1045,Al Thanyah Fifth,2021-02-01,8075.514999999999
1046,Al Merkadh,2021-02-01,18628.24
1047,Wadi Al Safa 5,2021-02-01,4183.05
1048,Al Hebiah Fourth,2021-02-01,5864.82
1049,Al Yelayiss 2,2021-02-01,9646.87
1050,Al Barshaa South Third,2021-02-01,8649.779999999999
1051,Al Khairan First,2021-02-01,7189.495
1052,Me'Aisem First,2021-02-01,10035.38
1053,Hadaeq Sheikh Mohammed Bin Rashid,2021-02-01,12014.61
1054,Nadd Hessa,2021-02-01,6849.32
1055,Marsa Dubai,2021-02-01,11463.18
1056,Madinat Al Mataar,2021-02-01,5261.13
1057,Al Barsha South Fifth,2021-02-01,5438.3
1058,Business Bay,2021-03-01,13454.94
1059,Al Barsha South Fourth,2021-03-01,8457.17
1060,Jabal Ali First,2021-03-01,8842.66
1061,Al Thanyah Fifth,2021-03-01,10653.25
1062,Marsa Dubai,2021-03-01,13802.73
1063,Me'Aisem First,2021-03-01,9952.72
1064,Al Barshaa South Third,2021-03-01,8719.66
1065,Hadaeq Sheikh Mohammed Bin Rashid,2021-03-01,14329.98
1066,Burj Khalifa,2021-03-01,13257.36
1067,Al Hebiah Fourth,2021-03-01,5669.345
1068,Wadi Al Safa 5,2021-03-01,4531.360000000001
1069,Madinat Al Mataar,2021-03-01,5784.675
1070,Nadd Hessa,2021-03-01,5952.38
1071,Al Khairan First,2021-03-01,17516.77
1072,Al Barsha South Fifth,2021-03-01,7566.084999999999
1073,Al Yelayiss 2,2021-03-01,9326.89
1074,Al Merkadh,2021-03-01,16687.614999999998
1075,Marsa Dubai,2021-04-01,16629.46
1076,Hadaeq Sheikh Mohammed Bin Rashid,2021-04-01,13478.96
1077,Al Yelayiss 2,2021-04-01,9279.86
1078,Madinat Al Mataar,2021-04-01,5940.365
1079,Al Barshaa South Third,2021-04-01,8610.619999999999
1080,Business Bay,2021-04-01,12916.71
1081,Al Thanyah Fifth,2021-04-01,10453.945
1082,Al Merkadh,2021-04-01,15917.84
1083,Al Barsha South Fifth,2021-04-01,11170.0
1084,Nadd Hessa,2021-04-01,6155.11
1085,Al Khairan First,2021-04-01,12596.75
1086,Al Barsha South Fourth,2021-04-01,7872.065
1087,Me'Aisem First,2021-04-01,9684.07
1088,Burj Khalifa,2021-04-01,14528.25
1089,Al Hebiah Fourth,2021-04-01,5274.26
1090,Wadi Al Safa 5,2021-04-01,4601.36
1091,Jabal Ali First,2021-04-01,6708.19
1092,Hadaeq Sheikh Mohammed Bin Rashid,2021-05-01,16375.975
1093,Al Barsha South Fourth,2021-05-01,7907.48
1094,Al Barshaa South Third,2021-05-01,8722.474999999999
1095,Business Bay,2021-05-01,12916.66
1096,Al Hebiah Fourth,2021-05-01,6234.955
1097,Madinat Al Mataar,2021-05-01,5761.9
1098,Al Barsha South Fifth,2021-05-01,9256.78
1099,Wadi Al Safa 5,2021-05-01,5609.76
1100,Jabal Ali First,2021-05-01,7935.57
1101,Marsa Dubai,2021-05-01,15626.65
1102,Al Yelayiss 2,2021-05-01,10105.95
1103,Al Merkadh,2021-05-01,17402.575
1104,Burj Khalifa,2021-05-01,16572.370000000003
1105,Nadd Hessa,2021-05-01,5725.485000000001
1106,Al Thanyah Fifth,2021-05-01,10817.55
1107,Me'Aisem First,2021-05-01,10604.45
1108,Al Khairan First,2021-05-01,13954.79
1109,Nadd Hessa,2021-06-01,5916.82
1110,Jabal Ali First,2021-06-01,8712.76
1111,Al Khairan First,2021-06-01,12673.88
1112,Al Hebiah Fourth,2021-06-01,5961.46
1113,Madinat Al Mataar,2021-06-01,6835.49
1114,Wadi Al Safa 5,2021-06-01,4923.915
1115,Al Merkadh,2021-06-01,16880.49
1116,Al Barsha South Fourth,2021-06-01,8756.68
1117,Al Thanyah Fifth,2021-06-01,10836.83
1118,Business Bay,2021-06-01,14368.895
1119,Me'Aisem First,2021-06-01,10452.59
1120,Hadaeq Sheikh Mohammed Bin Rashid,2021-06-01,14718.805
1121,Al Yelayiss 2,2021-06-01,9431.39
1122,Burj Khalifa,2021-06-01,16325.48
1123,Marsa Dubai,2021-06-01,14679.665
1124,Al Barshaa South Third,2021-06-01,8771.51
1125,Al Barsha South Fifth,2021-06-01,6102.29
1126,Al Yelayiss 2,2021-07-01,10412.055
1127,Al Merkadh,2021-07-01,17397.2
1128,Wadi Al Safa 5,2021-07-01,5839.76
1129,Marsa Dubai,2021-07-01,21165.19
1130,Al Barsha South Fifth,2021-07-01,8228.78
1131,Madinat Al Mataar,2021-07-01,7263.92
1132,Me'Aisem First,2021-07-01,10628.395
1133,Nadd Hessa,2021-07-01,5883.71
1134,Al Thanyah Fifth,2021-07-01,10639.05
1135,Al Hebiah Fourth,2021-07-01,5940.094999999999
1136,Business Bay,2021-07-01,16094.31
1137,Al Barsha South Fourth,2021-07-01,8613.69
1138,Al Khairan First,2021-07-01,9698.075
1139,Hadaeq Sheikh Mohammed Bin Rashid,2021-07-01,12393.49
1140,Al Barshaa South Third,2021-07-01,9415.44
1141,Burj Khalifa,2021-07-01,15836.53
1142,Jabal Ali First,2021-07-01,7817.59
1143,Jabal Ali First,2021-08-01,7764.9
1144,Me'Aisem First,2021-08-01,9904.495
1145,Al Thanyah Fifth,2021-08-01,10630.01
1146,Marsa Dubai,2021-08-01,22053.545
1147,Al Khairan First,2021-08-01,16261.295
1148,Al Hebiah Fourth,2021-08-01,6707.97
1149,Burj Khalifa,2021-08-01,13541.62
1150,Wadi Al Safa 5,2021-08-01,8415.15
1151,Al Yelayiss 2,2021-08-01,10298.98
1152,Business Bay,2021-08-01,17614.02
1153,Al Barshaa South Third,2021-08-01,9708.74
1154,Hadaeq Sheikh Mohammed Bin Rashid,2021-08-01,14333.335
1155,Al Barsha South Fourth,2021-08-01,9415.49
1156,Madinat Al Mataar,2021-08-01,7485.445
1157,Nadd Hessa,2021-08-01,4712.18
1158,Al Merkadh,2021-08-01,17824.300000000003
1159,Al Barsha South Fifth,2021-08-01,9974.14
1160,Al Barsha South Fifth,2021-09-01,8300.34
1161,Nadd Hessa,2021-09-01,6625.38
1162,Marsa Dubai,2021-09-01,17785.465
1163,Burj Khalifa,2021-09-01,17973.43
1164,Al Thanyah Fifth,2021-09-01,10831.06
1165,Al Barshaa South Third,2021-09-01,12082.415
1166,Al Merkadh,2021-09-01,18181.105
1167,Madinat Dubai Almelaheyah,2021-09-01,15131.075
1168,Al Khairan First,2021-09-01,17381.739999999998
1169,Hadaeq Sheikh Mohammed Bin Rashid,2021-09-01,15862.6
1170,Wadi Al Safa 5,2021-09-01,8352.78
1171,Jabal Ali First,2021-09-01,7358.975
1172,Business Bay,2021-09-01,16467.18
1173,Al Hebiah Fourth,2021-09-01,6266.594999999999
1174,Al Barsha South Fourth,2021-09-01,8355.57
1175,Madinat Al Mataar,2021-09-01,7863.35
1176,Me'Aisem First,2021-09-01,9182.12
1177,Al Yelayiss 2,2021-09-01,7647.86
1178,Nadd Hessa,2021-10-01,5870.91
1179,Al Barsha South Fourth,2021-10-01,9267.48
1180,Hadaeq Sheikh Mohammed Bin Rashid,2021-10-01,12799.76
1181,Me'Aisem First,2021-10-01,6213.0650000000005
1182,Burj Khalifa,2021-10-01,17808.87
1183,Al Thanyah Fifth,2021-10-01,10007.15
1184,Al Barshaa South Third,2021-10-01,9197.69
1185,Al Hebiah Fourth,2021-10-01,6399.01
1186,Business Bay,2021-10-01,15388.77
1187,Madinat Al Mataar,2021-10-01,7776.77
1188,Marsa Dubai,2021-10-01,18850.325
1189,Wadi Al Safa 5,2021-10-01,7070.82
1190,Al Yelayiss 2,2021-10-01,7681.31
1191,Jabal Ali First,2021-10-01,8035.355
1192,Al Khairan First,2021-10-01,18139.055
1193,Al Merkadh,2021-10-01,17609.65
1194,Al Barsha South Fifth,2021-10-01,6305.32
1195,Jabal Ali First,2021-11-01,7968.28
1196,Madinat Al Mataar,2021-11-01,6308.78
1197,Hadaeq Sheikh Mohammed Bin Rashid,2021-11-01,16255.63
1198,Marsa Dubai,2021-11-01,23040.66
1199,Al Thanyah Fifth,2021-11-01,10435.62
1200,Al Merkadh,2021-11-01,17333.48
1201,Wadi Al Safa 5,2021-11-01,6235.595
1202,Al Barsha South Fifth,2021-11-01,8544.45
1203,Burj Khalifa,2021-11-01,18085.7
1204,Al Barshaa South Third,2021-11-01,11439.405
1205,Me'Aisem First,2021-11-01,6383.61
1206,Al Khairan First,2021-11-01,17929.36
1207,Nadd Hessa,2021-11-01,6463.78
1208,Business Bay,2021-11-01,15113.665
1209,Al Barsha South Fourth,2021-11-01,8653.68
1210,Al Yelayiss 2,2021-11-01,8904.58
1211,Al Hebiah Fourth,2021-11-01,6463.09
1212,Business Bay,2021-12-01,15509.485
1213,Al Barshaa South Third,2021-12-01,11469.295
1214,Hadaeq Sheikh Mohammed Bin Rashid,2021-12-01,14592.32
1215,Al Hebiah Fourth,2021-12-01,6165.23
1216,Al Thanyah Fifth,2021-12-01,10592.125
1217,Nadd Hessa,2021-12-01,6268.365
1218,Al Khairan First,2021-12-01,18439.99
1219,Marsa Dubai,2021-12-01,21268.45
1220,Burj Khalifa,2021-12-01,22122.75
1221,Al Merkadh,2021-12-01,18029.52
1222,Jabal Ali First,2021-12-01,11131.26
1223,Me'Aisem First,2021-12-01,8173.950000000001
1224,Al Yelayiss 2,2021-12-01,7988.28
1225,Al Barsha South Fourth,2021-12-01,9170.62
1226,Wadi Al Safa 5,2021-12-01,6554.24
1227,Al Barsha South Fifth,2021-12-01,8611.2
1228,Madinat Al Mataar,2021-12-01,7936.51
1229,Hadaeq Sheikh Mohammed Bin Rashid,2022-01-01,16267.19
1230,Nadd Hessa,2022-01-01,6245.94
1231,Al Thanyah Fifth,2022-01-01,10519.58
1232,Al Khairan First,2022-01-01,19211.625
1233,Al Yelayiss 2,2022-01-01,7756.005
1234,Al Hebiah Fourth,2022-01-01,6300.965
1235,Al Merkadh,2022-01-01,17958.65
1236,Madinat Al Mataar,2022-01-01,7597.675
1237,Marsa Dubai,2022-01-01,23507.87
1238,Al Barsha South Fourth,2022-01-01,9400.03
1239,Jabal Ali First,2022-01-01,10776.395
1240,Burj Khalifa,2022-01-01,19888.055
1241,Al Barsha South Fifth,2022-01-01,9488.45
1242,Business Bay,2022-01-01,15809.08
1243,Me'Aisem First,2022-01-01,10946.89
1244,Al Barshaa South Third,2022-01-01,12458.22
1245,Wadi Al Safa 5,2022-01-01,5743.54
1246,Nadd Hessa,2022-02-01,6539.95
1247,Al Thanyah Fifth,2022-02-01,10145.76
1248,Al Barsha South Fifth,2022-02-01,10083.3
1249,Al Merkadh,2022-02-01,15838.93
1250,Madinat Dubai Almelaheyah,2022-02-01,19843.48
1251,Marsa Dubai,2022-02-01,16805.815000000002
1252,Hadaeq Sheikh Mohammed Bin Rashid,2022-02-01,16471.61
1253,Jabal Ali First,2022-02-01,10062.4
1254,Al Khairan First,2022-02-01,19685.56
1255,Al Barsha South Fourth,2022-02-01,8832.04
1256,Al Hebiah Fourth,2022-02-01,5785.375
1257,Burj Khalifa,2022-02-01,16363.09
1258,Business Bay,2022-02-01,17062.585
1259,Wadi Al Safa 5,2022-02-01,6124.45
1260,Me'Aisem First,2022-02-01,7805.93
1261,Al Barshaa South Third,2022-02-01,12811.435
1262,Al Yelayiss 2,2022-02-01,7316.52
1263,Madinat Al Mataar,2022-02-01,6852.84
1264,Al Barsha South Fourth,2022-03-01,10316.32
1265,Business Bay,2022-03-01,17533.83
1266,Jabal Ali First,2022-03-01,10139.09
1267,Wadi Al Safa 5,2022-03-01,8180.58
1268,Al Barshaa South Third,2022-03-01,10236.22
1269,Me'Aisem First,2022-03-01,7991.62
1270,Marsa Dubai,2022-03-01,17189.16
1271,Hadaeq Sheikh Mohammed Bin Rashid,2022-03-01,16323.87
1272,Al Khairan First,2022-03-01,17938.41
1273,Al Hebiah Fourth,2022-03-01,6628.65
1274,Al Barsha South Fifth,2022-03-01,9230.405
1275,Al Thanyah Fifth,2022-03-01,9987.41
1276,Al Yelayiss 2,2022-03-01,7271.85
1277,Burj Khalifa,2022-03-01,20863.26
1278,Nadd Hessa,2022-03-01,5711.889999999999
1279,Al Merkadh,2022-03-01,18121.480000000003
1280,Madinat Al Mataar,2022-03-01,7534.82
1281,Al Yelayiss 2,2022-04-01,7656.19
1282,Al Merkadh,2022-04-01,18298.63
1283,Me'Aisem First,2022-04-01,10356.61
1284,Marsa Dubai,2022-04-01,17335.04
1285,Wadi Al Safa 5,2022-04-01,5837.17
1286,Al Khairan First,2022-04-01,18380.08
1287,Nadd Hessa,2022-04-01,5948.745
1288,Hadaeq Sheikh Mohammed Bin Rashid,2022-04-01,15819.31
1289,Al Barsha South Fifth,2022-04-01,9717.5
1290,Al Thanyah Fifth,2022-04-01,9666.435
1291,Burj Khalifa,2022-04-01,24432.88
1292,Al Barsha South Fourth,2022-04-01,10201.98
1293,Madinat Al Mataar,2022-04-01,6138.61
1294,Al Hebiah Fourth,2022-04-01,6392.11
1295,Jabal Ali First,2022-04-01,9433.13
1296,Al Barshaa South Third,2022-04-01,12600.91
1297,Business Bay,2022-04-01,18194.82
1298,Wadi Al Safa 5,2022-05-01,5049.63
1299,Al Khairan First,2022-05-01,19338.93
1300,Al Barsha South Fifth,2022-05-01,11302.08
1301,Madinat Al Mataar,2022-05-01,6388.19
1302,Al Barshaa South Third,2022-05-01,12391.575
1303,Al Hebiah Fourth,2022-05-01,5192.215
1304,Nadd Hessa,2022-05-01,5704.535
1305,Madinat Dubai Almelaheyah,2022-05-01,16203.7
1306,Al Merkadh,2022-05-01,18298.645
1307,Al Barsha South Fourth,2022-05-01,9963.05
1308,Al Thanyah Fifth,2022-05-01,11302.09
1309,Jabal Ali First,2022-05-01,9374.92
1310,Marsa Dubai,2022-05-01,15203.15
1311,Al Yelayiss 2,2022-05-01,8447.39
1312,Business Bay,2022-05-01,18522.135
1313,Hadaeq Sheikh Mohammed Bin Rashid,2022-05-01,14624.84
1314,Me'Aisem First,2022-05-01,10850.76
1315,Burj Khalifa,2022-05-01,27129.405
1316,Burj Khalifa,2022-06-01,24705.14
1317,Al Yelayiss 2,2022-06-01,7946.934999999999
1318,Al Merkadh,2022-06-01,17647.16
1319,Al Khairan First,2022-06-01,19214.07
1320,Jabal Ali First,2022-06-01,9970.085
1321,Hadaeq Sheikh Mohammed Bin Rashid,2022-06-01,16379.43
1322,Al Hebiah Fourth,2022-06-01,6179.07
1323,Al Barshaa South Third,2022-06-01,11752.06
1324,Al Barsha South Fourth,2022-06-01,9995.66
1325,Business Bay,2022-06-01,17782.29
1326,Wadi Al Safa 5,2022-06-01,7777.32
1327,Madinat Al Mataar,2022-06-01,6570.9
1328,Al Barsha South Fifth,2022-06-01,10400.155
1329,Marsa Dubai,2022-06-01,17883.76
1330,Nadd Hessa,2022-06-01,5933.43
1331,Me'Aisem First,2022-06-01,7531.45
1332,Madinat Dubai Almelaheyah,2022-06-01,16986.72
1333,Al Thanyah Fifth,2022-06-01,9954.195
1334,Hadaeq Sheikh Mohammed Bin Rashid,2022-07-01,16579.395
1335,Wadi Al Safa 5,2022-07-01,7514.53
1336,Madinat Al Mataar,2022-07-01,6614.23
1337,Al Khairan First,2022-07-01,18083.595
1338,Business Bay,2022-07-01,18114.86
1339,Al Barsha South Fourth,2022-07-01,9796.075
1340,Al Barshaa South Third,2022-07-01,10455.125
1341,Madinat Dubai Almelaheyah,2022-07-01,18571.04
1342,Al Yelayiss 2,2022-07-01,7891.52
1343,Al Merkadh,2022-07-01,16806.72
1344,Burj Khalifa,2022-07-01,24368.67
1345,Nadd Hessa,2022-07-01,6234.72
1346,Jabal Ali First,2022-07-01,10793.65
1347,Al Barsha South Fifth,2022-07-01,9687.5
1348,Me'Aisem First,2022-07-01,10180.86
1349,Al Thanyah Fifth,2022-07-01,9968.75
1350,Al Hebiah Fourth,2022-07-01,6476.88
1351,Marsa Dubai,2022-07-01,17267.06
1352,Al Barsha South Fifth,2022-08-01,6668.01
1353,Wadi Al Safa 5,2022-08-01,7391.77
1354,Madinat Al Mataar,2022-08-01,6920.48
1355,Al Thanyah Fifth,2022-08-01,9999.23
1356,Al Khairan First,2022-08-01,18670.065
1357,Business Bay,2022-08-01,18909.11
1358,Al Barsha South Fourth,2022-08-01,10536.38
1359,Marsa Dubai,2022-08-01,21808.51
1360,Nadd Hessa,2022-08-01,6093.924999999999
1361,Al Barshaa South Third,2022-08-01,11922.61
1362,Me'Aisem First,2022-08-01,10310.395
1363,Madinat Dubai Almelaheyah,2022-08-01,18635.37
1364,Al Merkadh,2022-08-01,16392.91
1365,Al Hebiah Fourth,2022-08-01,5801.69
1366,Hadaeq Sheikh Mohammed Bin Rashid,2022-08-01,14804.845
1367,Jabal Ali First,2022-08-01,10820.49
1368,Burj Khalifa,2022-08-01,26623.95
1369,Al Yelayiss 2,2022-08-01,7264.3
1370,Nadd Hessa,2022-09-01,6011.5
1371,Jabal Ali First,2022-09-01,11424.35
1372,Me'Aisem First,2022-09-01,8072.89
1373,Al Barshaa South Third,2022-09-01,12485.23
1374,Al Hebiah Fourth,2022-09-01,6107.25
1375,Hadaeq Sheikh Mohammed Bin Rashid,2022-09-01,19165.08
1376,Al Barsha South Fourth,2022-09-01,9858.41
1377,Business Bay,2022-09-01,21227.085
1378,Burj Khalifa,2022-09-01,20752.27
1379,Wadi Al Safa 5,2022-09-01,7557.645
1380,Al Barsha South Fifth,2022-09-01,10261.19
1381,Al Merkadh,2022-09-01,16550.309999999998
1382,Madinat Al Mataar,2022-09-01,7356.38
1383,Al Khairan First,2022-09-01,20766.445
1384,Al Yelayiss 2,2022-09-01,8486.295
1385,Al Thanyah Fifth,2022-09-01,9792.715
1386,Marsa Dubai,2022-09-01,17820.77
1387,Madinat Dubai Almelaheyah,2022-09-01,17131.485
1388,Al Thanyah Fifth,2022-10-01,10194.53
1389,Burj Khalifa,2022-10-01,21369.92
1390,Al Yelayiss 2,2022-10-01,8579.71
1391,Al Barsha South Fifth,2022-10-01,10345.585
1392,Hadaeq Sheikh Mohammed Bin Rashid,2022-10-01,18847.1
1393,Business Bay,2022-10-01,23328.34
1394,Nadd Hessa,2022-10-01,6697.36
1395,Madinat Dubai Almelaheyah,2022-10-01,17113.79
1396,Al Merkadh,2022-10-01,18630.91
1397,Me'Aisem First,2022-10-01,6885.02
1398,Marsa Dubai,2022-10-01,19359.98
1399,Al Barsha South Fourth,2022-10-01,9321.11
1400,Wadi Al Safa 5,2022-10-01,7483.06
1401,Madinat Al Mataar,2022-10-01,7258.415
1402,Al Khairan First,2022-10-01,18207.08
1403,Jabal Ali First,2022-10-01,10699.19
1404,Al Hebiah Fourth,2022-10-01,6595.02
1405,Al Barshaa South Third,2022-10-01,12150.8
1406,Marsa Dubai,2022-11-01,22243.76
1407,Business Bay,2022-11-01,18738.25
1408,Burj Khalifa,2022-11-01,21657.64
1409,Al Barshaa South Third,2022-11-01,10660.72
1410,Madinat Dubai Almelaheyah,2022-11-01,17979.73
1411,Wadi Al Safa 5,2022-11-01,7776.915
1412,Al Barsha South Fourth,2022-11-01,9634.98
1413,Madinat Al Mataar,2022-11-01,7550.215
1414,Al Barsha South Fifth,2022-11-01,11168.28
1415,Al Hebiah Fourth,2022-11-01,6343.375
1416,Me'Aisem First,2022-11-01,7256.755
1417,Jabal Ali First,2022-11-01,11830.51
1418,Nadd Hessa,2022-11-01,10765.57
1419,Al Khairan First,2022-11-01,18070.01
1420,Al Thanyah Fifth,2022-11-01,11919.19
1421,Al Merkadh,2022-11-01,20495.86
1422,Al Yelayiss 2,2022-11-01,8383.51
1423,Hadaeq Sheikh Mohammed Bin Rashid,2022-11-01,18980.8
1424,Business Bay,2022-12-01,21255.655
1425,Al Merkadh,2022-12-01,19913.14
1426,Madinat Dubai Almelaheyah,2022-12-01,19707.98
1427,Burj Khalifa,2022-12-01,21962.16
1428,Jabal Ali First,2022-12-01,9852.285
1429,Al Barsha South Fourth,2022-12-01,10175.29
1430,Al Khairan First,2022-12-01,20379.77
1431,Al Barshaa South Third,2022-12-01,10583.98
1432,Madinat Al Mataar,2022-12-01,7490.6
1433,Marsa Dubai,2022-12-01,22961.68
1434,Al Yelayiss 2,2022-12-01,8744.099999999999
1435,Al Thanyah Fifth,2022-12-01,10980.13
1436,Hadaeq Sheikh Mohammed Bin Rashid,2022-12-01,18235.945
1437,Wadi Al Safa 5,2022-12-01,8333.01
1438,Me'Aisem First,2022-12-01,7970.3
1439,Al Hebiah Fourth,2022-12-01,6432.67
1440,Nadd Hessa,2022-12-01,8385.09
1441,Al Barsha South Fifth,2022-12-01,11513.705
1442,Al Khairan First,2023-01-01,21570.62
1443,Business Bay,2023-01-01,22604.21
1444,Al Hebiah Fourth,2023-01-01,6422.16
1445,Al Yelayiss 2,2023-01-01,13302.3
1446,Al Thanyah Fifth,2023-01-01,11750.15
1447,Burj Khalifa,2023-01-01,25636.41
1448,Marsa Dubai,2023-01-01,18390.21
1449,Madinat Dubai Almelaheyah,2023-01-01,19662.85
1450,Al Barsha South Fourth,2023-01-01,11438.35
1451,Nadd Hessa,2023-01-01,8010.105
1452,Hadaeq Sheikh Mohammed Bin Rashid,2023-01-01,20045.2
1453,Al Barshaa South Third,2023-01-01,10565.11
1454,Me'Aisem First,2023-01-01,6647.48
1455,Wadi Al Safa 5,2023-01-01,8417.455
1456,Madinat Al Mataar,2023-01-01,7387.13
1457,Jabal Ali First,2023-01-01,9891.48
1458,Al Barsha South Fifth,2023-01-01,11641.96
1459,Al Merkadh,2023-01-01,19375.04
1460,Madinat Dubai Almelaheyah,2023-02-01,19594.025
1461,Marsa Dubai,2023-02-01,22296.285
1462,Business Bay,2023-02-01,22169.9
1463,Al Yelayiss 2,2023-02-01,12592.08
1464,Wadi Al Safa 5,2023-02-01,8565.23
1465,Me'Aisem First,2023-02-01,7602.63
1466,Madinat Al Mataar,2023-02-01,6851.45
1467,Al Khairan First,2023-02-01,20746.69
1468,Al Barsha South Fifth,2023-02-01,11428.97
1469,Jabal Ali First,2023-02-01,9880.555
1470,Al Barshaa South Third,2023-02-01,11197.335
1471,Nadd Hessa,2023-02-01,6875.69
1472,Al Barsha South Fourth,2023-02-01,11295.99
1473,Al Hebiah Fourth,2023-02-01,6870.055
1474,Hadaeq Sheikh Mohammed Bin Rashid,2023-02-01,18937.34
1475,Al Merkadh,2023-02-01,18785.485
1476,Burj Khalifa,2023-02-01,24028.805
1477,Al Thanyah Fifth,2023-02-01,11361.42
1478,Me'Aisem First,2023-03-01,10341.89
1479,Al Yelayiss 2,2023-03-01,11091.0
1480,Hadaeq Sheikh Mohammed Bin Rashid,2023-03-01,20783.94
1481,Jabal Ali First,2023-03-01,10304.580000000002
1482,Madinat Al Mataar,2023-03-01,7610.33
1483,Al Barshaa South Third,2023-03-01,11105.345
1484,Wadi Al Safa 5,2023-03-01,8341.56
1485,Nadd Hessa,2023-03-01,6585.76
1486,Al Barsha South Fifth,2023-03-01,11290.8
1487,Al Hebiah Fourth,2023-03-01,6327.72
1488,Madinat Dubai Almelaheyah,2023-03-01,19265.38
1489,Al Thanyah Fifth,2023-03-01,11664.07
1490,Marsa Dubai,2023-03-01,23934.35
1491,Al Khairan First,2023-03-01,21671.275
1492,Burj Khalifa,2023-03-01,23620.72
1493,Al Barsha South Fourth,2023-03-01,11163.29
1494,Al Merkadh,2023-03-01,19375.07
1495,Business Bay,2023-03-01,22425.85
1496,Marsa Dubai,2023-04-01,20600.91
1497,Al Hebiah Fourth,2023-04-01,6410.135
1498,Madinat Dubai Almelaheyah,2023-04-01,18586.04
1499,Al Khairan First,2023-04-01,22107.58
1500,Al Barsha South Fourth,2023-04-01,11504.5
1501,Al Barsha South Fifth,2023-04-01,8464.61
1502,Nadd Hessa,2023-04-01,6966.61
1503,Wadi Al Safa 5,2023-04-01,8195.755
1504,Al Merkadh,2023-04-01,18229.74
1505,Al Thanyah Fifth,2023-04-01,11419.83
1506,Business Bay,2023-04-01,20934.37
1507,Jabal Ali First,2023-04-01,10786.28
1508,Madinat Al Mataar,2023-04-01,7663.92
1509,Al Yelayiss 2,2023-04-01,11024.11
1510,Al Barshaa South Third,2023-04-01,11488.535
1511,Me'Aisem First,2023-04-01,10995.8
1512,Burj Khalifa,2023-04-01,21029.62
1513,Hadaeq Sheikh Mohammed Bin Rashid,2023-04-01,21910.03
1514,Al Barsha South Fifth,2023-05-01,12205.645
1515,Al Hebiah Fourth,2023-05-01,7034.685
1516,Me'Aisem First,2023-05-01,9508.8
1517,Al Merkadh,2023-05-01,18970.21
1518,Madinat Dubai Almelaheyah,2023-05-01,18841.55
1519,Al Yelayiss 2,2023-05-01,10378.94
1520,Al Khairan First,2023-05-01,20938.29
1521,Jabal Ali First,2023-05-01,10179.39
1522,Al Thanyah Fifth,2023-05-01,13734.13
1523,Madinat Al Mataar,2023-05-01,7190.52
1524,Al Barsha South Fourth,2023-05-01,11302.1
1525,Wadi Al Safa 5,2023-05-01,8548.21
1526,Nadd Hessa,2023-05-01,7734.65
1527,Burj Khalifa,2023-05-01,22183.45
1528,Marsa Dubai,2023-05-01,36362.44
1529,Al Barshaa South Third,2023-05-01,14529.065
1530,Business Bay,2023-05-01,17159.795
1531,Hadaeq Sheikh Mohammed Bin Rashid,2023-05-01,19438.27
1532,Al Khairan First,2023-06-01,21853.465
1533,Al Merkadh,2023-06-01,16829.295
1534,Nadd Hessa,2023-06-01,6941.195
1535,Me'Aisem First,2023-06-01,9187.405
1536,Al Barsha South Fifth,2023-06-01,11176.47
1537,Wadi Al Safa 5,2023-06-01,8612.465
1538,Madinat Al Mataar,2023-06-01,8029.72
1539,Marsa Dubai,2023-06-01,34133.17
1540,Al Yelayiss 2,2023-06-01,10799.07
1541,Business Bay,2023-06-01,17868.96
1542,Hadaeq Sheikh Mohammed Bin Rashid,2023-06-01,19956.57
1543,Madinat Dubai Almelaheyah,2023-06-01,19627.345
1544,Jabal Ali First,2023-06-01,10771.21
1545,Al Barsha South Fourth,2023-06-01,11692.49
1546,Al Hebiah Fourth,2023-06-01,7322.945
1547,Burj Khalifa,2023-06-01,21111.895
1548,Al Thanyah Fifth,2023-06-01,21632.44
1549,Al Barshaa South Third,2023-06-01,13901.05
1550,Nadd Hessa,2023-07-01,6467.89
1551,Madinat Dubai Almelaheyah,2023-07-01,20910.115
1552,Wadi Al Safa 5,2023-07-01,10009.5
1553,Me'Aisem First,2023-07-01,10208.98
1554,Marsa Dubai,2023-07-01,20161.29
1555,Burj Khalifa,2023-07-01,19988.97
1556,Madinat Al Mataar,2023-07-01,8977.675
1557,Al Hebiah Fourth,2023-07-01,8078.13
1558,Al Merkadh,2023-07-01,19375.06
1559,Jabal Ali First,2023-07-01,10382.685
1560,Al Barshaa South Third,2023-07-01,12940.88
1561,Al Thanyah Fifth,2023-07-01,22131.295
1562,Business Bay,2023-07-01,20774.84
1563,Hadaeq Sheikh Mohammed Bin Rashid,2023-07-01,20471.13
1564,Al Yelayiss 2,2023-07-01,10470.375
1565,Al Khairan First,2023-07-01,22666.025
1566,Al Barsha South Fifth,2023-07-01,11742.13
1567,Al Barsha South Fourth,2023-07-01,11855.93
1568,Me'Aisem First,2023-08-01,10172.835
1569,Marsa Dubai,2023-08-01,17375.68
1570,Al Merkadh,2023-08-01,19913.09
1571,Al Hebiah Fourth,2023-08-01,7714.215
1572,Jabal Ali First,2023-08-01,10387.155
1573,Al Barshaa South Third,2023-08-01,14899.38
1574,Al Barsha South Fourth,2023-08-01,12315.35
1575,Al Yelayiss 2,2023-08-01,11163.11
1576,Nadd Hessa,2023-08-01,6568.035
1577,Al Thanyah Fifth,2023-08-01,17982.095
1578,Wadi Al Safa 5,2023-08-01,9472.63
1579,Burj Khalifa,2023-08-01,23036.65
1580,Al Khairan First,2023-08-01,22591.1
1581,Hadaeq Sheikh Mohammed Bin Rashid,2023-08-01,20233.24
1582,Madinat Dubai Almelaheyah,2023-08-01,20732.69
1583,Al Barsha South Fifth,2023-08-01,18893.88
1584,Madinat Al Mataar,2023-08-01,15240.14
1585,Business Bay,2023-08-01,27394.72
1586,Madinat Al Mataar,2023-09-01,9399.8
1587,Al Merkadh,2023-09-01,19918.45
1588,Al Khairan First,2023-09-01,22509.44
1589,Jabal Ali First,2023-09-01,10495.97
1590,Al Thanyah Fifth,2023-09-01,17040.129999999997
1591,Hadaeq Sheikh Mohammed Bin Rashid,2023-09-01,21358.15
1592,Me'Aisem First,2023-09-01,8559.43
1593,Al Yelayiss 2,2023-09-01,11226.62
1594,Burj Khalifa,2023-09-01,20920.5
1595,Marsa Dubai,2023-09-01,17399.56
1596,Wadi Al Safa 5,2023-09-01,9166.065
1597,Nadd Hessa,2023-09-01,8288.7
1598,Business Bay,2023-09-01,25687.87
1599,Al Barsha South Fourth,2023-09-01,13211.99
1600,Al Barshaa South Third,2023-09-01,14739.28
1601,Madinat Dubai Almelaheyah,2023-09-01,21803.485
1602,Al Barsha South Fifth,2023-09-01,18304.65
1603,Al Hebiah Fourth,2023-09-01,8020.695
1604,Nadd Hessa,2023-10-01,7144.43
1605,Al Barsha South Fourth,2023-10-01,12911.97
1606,Burj Khalifa,2023-10-01,25353.84
1607,Me'Aisem First,2023-10-01,8388.86
1608,Al Merkadh,2023-10-01,18157.52
1609,Al Khairan First,2023-10-01,20919.02
1610,Al Barsha South Fifth,2023-10-01,17407.77
1611,Business Bay,2023-10-01,21241.185
1612,Wadi Al Safa 5,2023-10-01,8598.82
1613,Madinat Dubai Almelaheyah,2023-10-01,20651.6
1614,Al Hebiah Fourth,2023-10-01,8466.545
1615,Al Yelayiss 2,2023-10-01,10864.86
1616,Marsa Dubai,2023-10-01,24894.2
1617,Madinat Al Mataar,2023-10-01,7722.37
1618,Jabal Ali First,2023-10-01,12234.79
1619,Hadaeq Sheikh Mohammed Bin Rashid,2023-10-01,21638.905
1620,Al Barshaa South Third,2023-10-01,12291.34
1621,Al Thanyah Fifth,2023-10-01,14508.735
1622,Jabal Ali First,2023-11-01,12423.625
1623,Al Merkadh,2023-11-01,18329.08
1624,Al Barshaa South Third,2023-11-01,12853.41
1625,Nadd Hessa,2023-11-01,6673.93
1626,Al Barsha South Fourth,2023-11-01,13232.55
1627,Al Yelayiss 2,2023-11-01,11703.505
1628,Al Khairan First,2023-11-01,21558.085
1629,Wadi Al Safa 5,2023-11-01,8691.83
1630,Burj Khalifa,2023-11-01,27433.38
1631,Madinat Dubai Almelaheyah,2023-11-01,19755.16
1632,Business Bay,2023-11-01,22157.99
1633,Madinat Al Mataar,2023-11-01,15460.39
1634,Marsa Dubai,2023-11-01,15327.63
1635,Hadaeq Sheikh Mohammed Bin Rashid,2023-11-01,22174.24
1636,Al Hebiah Fourth,2023-11-01,8266.555
1637,Me'Aisem First,2023-11-01,10047.955
1638,Al Thanyah Fifth,2023-11-01,12662.62
1639,Al Barsha South Fifth,2023-11-01,13235.07
1640,Al Thanyah Fifth,2023-12-01,16366.61
1641,Wadi Al Safa 5,2023-12-01,7841.014999999999
1642,Al Barsha South Fifth,2023-12-01,12422.61
1643,Madinat Dubai Almelaheyah,2023-12-01,23093.105
1644,Me'Aisem First,2023-12-01,9716.33
1645,Al Yelayiss 2,2023-12-01,12471.01
1646,Al Merkadh,2023-12-01,20720.715
1647,Nadd Hessa,2023-12-01,7474.015
1648,Al Hebiah Fourth,2023-12-01,8432.54
1649,Marsa Dubai,2023-12-01,17890.59
1650,Madinat Al Mataar,2023-12-01,15122.62
1651,Al Barsha South Fourth,2023-12-01,12996.7
1652,Business Bay,2023-12-01,23547.52
1653,Burj Khalifa,2023-12-01,25081.02
1654,Al Barshaa South Third,2023-12-01,11794.0
1655,Jabal Ali First,2023-12-01,10948.775
1656,Al Khairan First,2023-12-01,21311.54
1657,Hadaeq Sheikh Mohammed Bin Rashid,2023-12-01,22768.68
1658,Al Yelayiss 2,2024-01-01,12383.855
1659,Al Barsha South Fifth,2024-01-01,13634.62
1660,Business Bay,2024-01-01,23872.165
1661,Al Barsha South Fourth,2024-01-01,13599.81
1662,Marsa Dubai,2024-01-01,17821.07
1663,Wadi Al Safa 5,2024-01-01,5901.945
1664,Al Barshaa South Third,2024-01-01,12979.84
1665,Nadd Hessa,2024-01-01,8486.925
1666,Madinat Al Mataar,2024-01-01,16398.22
1667,Al Hebiah Fourth,2024-01-01,9227.24
1668,Al Khairan First,2024-01-01,21998.53
1669,Hadaeq Sheikh Mohammed Bin Rashid,2024-01-01,22944.48
1670,Jabal Ali First,2024-01-01,11941.655
1671,Al Merkadh,2024-01-01,19336.07
1672,Burj Khalifa,2024-01-01,26350.395
1673,Me'Aisem First,2024-01-01,9576.54
1674,Madinat Dubai Almelaheyah,2024-01-01,22642.27
1675,Al Thanyah Fifth,2024-01-01,17793.25
1676,Madinat Dubai Almelaheyah,2024-02-01,27113.6
1677,Madinat Al Mataar,2024-02-01,9169.875
1678,Me'Aisem First,2024-02-01,10211.145
1679,Nadd Hessa,2024-02-01,9348.98
1680,Al Barsha South Fifth,2024-02-01,13703.21
1681,Wadi Al Safa 5,2024-02-01,8117.42
1682,Al Hebiah Fourth,2024-02-01,9038.9
1683,Al Barshaa South Third,2024-02-01,13959.05
1684,Al Khairan First,2024-02-01,23729.095
1685,Marsa Dubai,2024-02-01,19176.175000000003
1686,Burj Khalifa,2024-02-01,22273.23
1687,Al Yelayiss 2,2024-02-01,12683.16
1688,Business Bay,2024-02-01,22477.835
1689,Jabal Ali First,2024-02-01,11199.45
1690,Al Barsha South Fourth,2024-02-01,13229.99
1691,Al Merkadh,2024-02-01,18022.9
1692,Al Thanyah Fifth,2024-02-01,14331.44
1693,Hadaeq Sheikh Mohammed Bin Rashid,2024-02-01,22704.335
1694,Burj Khalifa,2024-03-01,23574.14
1695,Me'Aisem First,2024-03-01,10255.28
1696,Al Thanyah Fifth,2024-03-01,13987.225
1697,Wadi Al Safa 5,2024-03-01,8889.645
1698,Al Merkadh,2024-03-01,17481.765
1699,Al Khairan First,2024-03-01,23368.395
1700,Al Hebiah Fourth,2024-03-01,15111.875
1701,Nadd Hessa,2024-03-01,8965.314999999999
1702,Al Barshaa South Third,2024-03-01,13681.2
1703,Al Barsha South Fourth,2024-03-01,13235.14
1704,Al Yelayiss 2,2024-03-01,12257.53
1705,Business Bay,2024-03-01,24841.44
1706,Al Barsha South Fifth,2024-03-01,13856.3
1707,Madinat Al Mataar,2024-03-01,15550.71
1708,Jabal Ali First,2024-03-01,12600.48
1709,Madinat Dubai Almelaheyah,2024-03-01,26151.36
1710,Hadaeq Sheikh Mohammed Bin Rashid,2024-03-01,22049.935
1711,Marsa Dubai,2024-03-01,19712.86
1712,Al Barsha South Fourth,2024-04-01,13519.16
1713,Al Khairan First,2024-04-01,23524.765
1714,Al Barshaa South Third,2024-04-01,13827.775
1715,Marsa Dubai,2024-04-01,19712.895
1716,Al Merkadh,2024-04-01,17753.2
1717,Madinat Al Mataar,2024-04-01,9349.95
1718,Me'Aisem First,2024-04-01,10672.7
1719,Nadd Hessa,2024-04-01,8592.3
1720,Madinat Dubai Almelaheyah,2024-04-01,25134.0
1721,Al Yelayiss 2,2024-04-01,12117.47
1722,Jabal Ali First,2024-04-01,12749.83
1723,Al Barsha South Fifth,2024-04-01,13152.825
1724,Wadi Al Safa 5,2024-04-01,10535.64
1725,Burj Khalifa,2024-04-01,24046.7
1726,Hadaeq Sheikh Mohammed Bin Rashid,2024-04-01,23346.0
1727,Al Hebiah Fourth,2024-04-01,14979.13
1728,Business Bay,2024-04-01,24447.885
1729,Al Thanyah Fifth,2024-04-01,13474.99
1730,Al Thanyah Fifth,2024-05-01,15552.1
1731,Burj Khalifa,2024-05-01,21445.42
1732,Al Merkadh,2024-05-01,19163.715
1733,Business Bay,2024-05-01,25395.275
1734,Al Yelayiss 2,2024-05-01,12276.22
1735,Nadd Hessa,2024-05-01,7887.68
1736,Me'Aisem First,2024-05-01,10133.42
1737,Al Barshaa South Third,2024-05-01,13781.2
1738,Hadaeq Sheikh Mohammed Bin Rashid,2024-05-01,24323.82
1739,Wadi Al Safa 5,2024-05-01,10930.46
1740,Al Barsha South Fourth,2024-05-01,13378.085
1741,Al Hebiah Fourth,2024-05-01,10511.565
1742,Madinat Al Mataar,2024-05-01,10473.625
1743,Al Khairan First,2024-05-01,23362.085
1744,Jabal Ali First,2024-05-01,12818.94
1745,Al Barsha South Fifth,2024-05-01,14558.715
1746,Marsa Dubai,2024-05-01,20842.19
1747,Madinat Dubai Almelaheyah,2024-05-01,23246.35
1748,Nadd Hessa,2024-06-01,9221.79
1749,Marsa Dubai,2024-06-01,18817.89
1750,Al Barshaa South Third,2024-06-01,14132.28
1751,Al Yelayiss 2,2024-06-01,13041.97
1752,Jabal Ali First,2024-06-01,12298.9
1753,Me'Aisem First,2024-06-01,10781.67
1754,Madinat Dubai Almelaheyah,2024-06-01,25447.35
1755,Al Barsha South Fifth,2024-06-01,14207.84
1756,Al Thanyah Fifth,2024-06-01,14651.065
1757,Wadi Al Safa 5,2024-06-01,11939.69
1758,Business Bay,2024-06-01,27282.91
1759,Al Merkadh,2024-06-01,19019.61
1760,Al Khairan First,2024-06-01,25107.355
1761,Al Barsha South Fourth,2024-06-01,12920.505
1762,Al Hebiah Fourth,2024-06-01,14842.47
1763,Madinat Al Mataar,2024-06-01,10998.515
1764,Burj Khalifa,2024-06-01,22845.24
1765,Hadaeq Sheikh Mohammed Bin Rashid,2024-06-01,23370.23
1766,Al Khairan First,2024-07-01,26310.87
1767,Me'Aisem First,2024-07-01,13160.78
1768,Al Barsha South Fourth,2024-07-01,13765.73
1769,Madinat Dubai Almelaheyah,2024-07-01,24181.83
1770,Madinat Al Mataar,2024-07-01,11399.515
1771,Al Yelayiss 2,2024-07-01,11742.995
1772,Wadi Al Safa 5,2024-07-01,12743.07
1773,Al Barshaa South Third,2024-07-01,14340.59
1774,Jabal Ali First,2024-07-01,11868.57
1775,Al Hebiah Fourth,2024-07-01,11827.46
1776,Al Thanyah Fifth,2024-07-01,13137.15
1777,Al Barsha South Fifth,2024-07-01,14929.715
1778,Business Bay,2024-07-01,24931.22
1779,Hadaeq Sheikh Mohammed Bin Rashid,2024-07-01,25714.385
1780,Nadd Hessa,2024-07-01,8893.67
1781,Marsa Dubai,2024-07-01,17017.24
1782,Al Merkadh,2024-07-01,19414.315
1783,Burj Khalifa,2024-07-01,19594.02
1784,Al Thanyah Fifth,2024-08-01,15699.83
1785,Al Barshaa South Third,2024-08-01,14421.615
1786,Jabal Ali First,2024-08-01,12554.34
1787,Madinat Dubai Almelaheyah,2024-08-01,25853.23
1788,Al Barsha South Fifth,2024-08-01,14763.08
1789,Al Merkadh,2024-08-01,18870.285
1790,Al Hebiah Fourth,2024-08-01,14369.47
1791,Al Khairan First,2024-08-01,28079.77
1792,Marsa Dubai,2024-08-01,19901.8
1793,Al Barsha South Fourth,2024-08-01,14747.91
1794,Madinat Al Mataar,2024-08-01,12395.41
1795,Me'Aisem First,2024-08-01,12603.93
1796,Burj Khalifa,2024-08-01,26218.82
1797,Hadaeq Sheikh Mohammed Bin Rashid,2024-08-01,23035.61
1798,Nadd Hessa,2024-08-01,8837.83
1799,Al Yelayiss 2,2024-08-01,12531.45
1800,Business Bay,2024-08-01,25578.34
1801,Wadi Al Safa 5,2024-08-01,13328.48
1802,Madinat Al Mataar,2024-09-01,14835.16
1803,Hadaeq Sheikh Mohammed Bin Rashid,2024-09-01,24132.0
1804,Nadd Hessa,2024-09-01,9449.56
1805,Al Hebiah Fourth,2024-09-01,9794.18
1806,Me'Aisem First,2024-09-01,11726.97
1807,Al Merkadh,2024-09-01,20030.52
1808,Wadi Al Safa 5,2024-09-01,12593.82
1809,Al Barsha South Fourth,2024-09-01,13780.96
1810,Al Khairan First,2024-09-01,27178.165
1811,Al Yelayiss 2,2024-09-01,13083.15
1812,Madinat Dubai Almelaheyah,2024-09-01,24052.31
1813,Al Barshaa South Third,2024-09-01,13713.67
1814,Jabal Ali First,2024-09-01,12632.755
1815,Burj Khalifa,2024-09-01,26172.05
1816,Al Barsha South Fifth,2024-09-01,15056.125
1817,Marsa Dubai,2024-09-01,20028.42
1818,Al Thanyah Fifth,2024-09-01,16584.61
1819,Business Bay,2024-09-01,23964.4
1820,Al Barsha South Fourth,2024-10-01,13592.535
1821,Marsa Dubai,2024-10-01,19423.58
1822,Burj Khalifa,2024-10-01,24863.055
1823,Hadaeq Sheikh Mohammed Bin Rashid,2024-10-01,25925.55
1824,Madinat Al Mataar,2024-10-01,16871.17
1825,Business Bay,2024-10-01,24985.8
1826,Al Khairan First,2024-10-01,25647.91
1827,Nadd Hessa,2024-10-01,9550.96
1828,Al Hebiah Fourth,2024-10-01,10418.23
1829,Al Yelayiss 2,2024-10-01,12158.75
1830,Me'Aisem First,2024-10-01,13098.545
1831,Madinat Dubai Almelaheyah,2024-10-01,26748.335
1832,Al Merkadh,2024-10-01,19763.365
1833,Al Barshaa South Third,2024-10-01,14385.98
1834,Al Barsha South Fifth,2024-10-01,15422.52
1835,Al Thanyah Fifth,2024-10-01,16217.43
1836,Jabal Ali First,2024-10-01,12954.685
1837,Wadi Al Safa 5,2024-10-01,13185.91
1838,Wadi Al Safa 5,2024-11-01,12834.295
1839,Al Barsha South Fifth,2024-11-01,14841.92
1840,Al Hebiah Fourth,2024-11-01,9381.9
1841,Marsa Dubai,2024-11-01,22702.92
1842,Al Merkadh,2024-11-01,19073.5
1843,Jabal Ali First,2024-11-01,12983.115
1844,Burj Khalifa,2024-11-01,24938.55
1845,Hadaeq Sheikh Mohammed Bin Rashid,2024-11-01,24050.895
1846,Business Bay,2024-11-01,24456.33
1847,Al Barsha South Fourth,2024-11-01,13850.42
1848,Al Yelayiss 2,2024-11-01,12018.21
1849,Nadd Hessa,2024-11-01,8552.605
1850,Me'Aisem First,2024-11-01,11677.43
1851,Al Barshaa South Third,2024-11-01,13591.065
1852,Al Khairan First,2024-11-01,23657.78
1853,Al Thanyah Fifth,2024-11-01,15986.95
1854,Madinat Al Mataar,2024-11-01,16128.04
1855,Madinat Dubai Almelaheyah,2024-11-01,27028.45
1856,Jabal Ali First,2024-12-01,13251.75
1857,Al Barshaa South Third,2024-12-01,14436.56
1858,Al Hebiah Fourth,2024-12-01,9756.1
1859,Wadi Al Safa 5,2024-12-01,13993.065
1860,Al Barsha South Fifth,2024-12-01,16247.83
1861,Marsa Dubai,2024-12-01,23967.86
1862,Madinat Al Mataar,2024-12-01,17519.74
1863,Burj Khalifa,2024-12-01,23853.21
1864,Al Barsha South Fourth,2024-12-01,13744.785
1865,Al Yelayiss 2,2024-12-01,13020.3
1866,Al Merkadh,2024-12-01,20833.4
1867,Madinat Dubai Almelaheyah,2024-12-01,26914.66
1868,Business Bay,2024-12-01,24658.58
1869,Al Thanyah Fifth,2024-12-01,14840.315
1870,Nadd Hessa,2024-12-01,8457.2
1871,Me'Aisem First,2024-12-01,11878.285
1872,Hadaeq Sheikh Mohammed Bin Rashid,2024-12-01,23779.550000000003
1873,Al Khairan First,2024-12-01,24423.48
1874,Al Barshaa South Third,2025-01-01,13943.945
1875,Al Barsha South Fourth,2025-01-01,14039.195
1876,Nadd Hessa,2025-01-01,8449.955
1877,Jabal Ali First,2025-01-01,13100.0
1878,Al Hebiah Fourth,2025-01-01,8917.97
1879,Madinat Al Mataar,2025-01-01,21442.23
1880,Al Barsha South Fifth,2025-01-01,15390.415
1881,Madinat Dubai Almelaheyah,2025-01-01,28397.0
1882,Al Thanyah Fifth,2025-01-01,15417.515
1883,Business Bay,2025-01-01,24658.57
1884,Burj Khalifa,2025-01-01,24416.8
1885,Al Merkadh,2025-01-01,19802.06
1886,Al Yelayiss 2,2025-01-01,14050.09
1887,Hadaeq Sheikh Mohammed Bin Rashid,2025-01-01,23821.115
1888,Al Khairan First,2025-01-01,23535.74
1889,Marsa Dubai,2025-01-01,23720.3
1890,Wadi Al Safa 5,2025-01-01,13993.07
1891,Me'Aisem First,2025-01-01,11414.415
1892,Hadaeq Sheikh Mohammed Bin Rashid,2025-02-01,24606.425
1893,Madinat Dubai Almelaheyah,2025-02-01,27133.39
1894,Wadi Al Safa 5,2025-02-01,13707.195
1895,Al Barshaa South Third,2025-02-01,13756.945
1896,Al Thanyah Fifth,2025-02-01,15545.52
1897,Business Bay,2025-02-01,24131.27
1898,Al Merkadh,2025-02-01,19925.665
1899,Me'Aisem First,2025-02-01,12725.925
1900,Al Hebiah Fourth,2025-02-01,9198.145
1901,Nadd Hessa,2025-02-01,9562.12
1902,Al Yelayiss 2,2025-02-01,14428.3
1903,Al Khairan First,2025-02-01,24089.81
1904,Al Barsha South Fourth,2025-02-01,14531.35
1905,Marsa Dubai,2025-02-01,26237.48
1906,Burj Khalifa,2025-02-01,23976.29
1907,Al Barsha South Fifth,2025-02-01,15125.42
1908,Jabal Ali First,2025-02-01,13520.96
1909,Madinat Al Mataar,2025-02-01,16055.26
1910,Madinat Al Mataar,2025-03-01,18870.425
1911,Al Khairan First,2025-03-01,23253.56
1912,Wadi Al Safa 5,2025-03-01,12643.64
1913,Nadd Hessa,2025-03-01,10363.45
1914,Al Barsha South Fifth,2025-03-01,15317.245
1915,Hadaeq Sheikh Mohammed Bin Rashid,2025-03-01,25077.74
1916,Madinat Dubai Almelaheyah,2025-03-01,29753.125
1917,Marsa Dubai,2025-03-01,26528.13
1918,Al Barshaa South Third,2025-03-01,13709.695
1919,Me'Aisem First,2025-03-01,13939.27
1920,Al Yelayiss 2,2025-03-01,13865.84
1921,Al Barsha South Fourth,2025-03-01,14929.5
1922,Al Hebiah Fourth,2025-03-01,13225.465
1923,Burj Khalifa,2025-03-01,24793.81
1924,Business Bay,2025-03-01,25724.61
1925,Al Merkadh,2025-03-01,19982.24
1926,Al Thanyah Fifth,2025-03-01,15568.245
1927,Jabal Ali First,2025-03-01,13369.865000000002
1928,Al Barsha South Fourth,2025-04-01,15162.45
1929,Burj Khalifa,2025-04-01,24467.82
1930,Al Barsha South Fifth,2025-04-01,15118.985
1931,Madinat Dubai Almelaheyah,2025-04-01,29652.39
1932,Business Bay,2025-04-01,25378.23
1933,Madinat Al Mataar,2025-04-01,16979.18
1934,Al Barshaa South Third,2025-04-01,14717.12
1935,Al Thanyah Fifth,2025-04-01,15431.55
1936,Nadd Hessa,2025-04-01,9081.51
1937,Al Yelayiss 2,2025-04-01,14114.33
1938,Marsa Dubai,2025-04-01,27070.56
1939,Wadi Al Safa 5,2025-04-01,13193.02
1940,Jabal Ali First,2025-04-01,13913.24
1941,Al Merkadh,2025-04-01,21257.86
1942,Al Khairan First,2025-04-01,23796.89
1943,Hadaeq Sheikh Mohammed Bin Rashid,2025-04-01,25424.66
1944,Al Hebiah Fourth,2025-04-01,10535.7
1945,Me'Aisem First,2025-04-01,14216.66
1946,Al Hebiah Fourth,2025-05-01,10374.06
1947,Al Merkadh,2025-05-01,20633.55
1948,Madinat Al Mataar,2025-05-01,17048.394999999997
1949,Al Yelayiss 2,2025-05-01,14934.11
1950,Al Thanyah Fifth,2025-05-01,15596.66
1951,Jabal Ali First,2025-05-01,13735.145
1952,Burj Khalifa,2025-05-01,24402.77
1953,Al Barshaa South Third,2025-05-01,13952.975
1954,Wadi Al Safa 5,2025-05-01,13124.155
1955,Al Barsha South Fourth,2025-05-01,15210.565
1956,Business Bay,2025-05-01,24275.29
1957,Me'Aisem First,2025-05-01,13873.27
1958,Madinat Dubai Almelaheyah,2025-05-01,32536.61
1959,Marsa Dubai,2025-05-01,23829.15
1960,Al Khairan First,2025-05-01,25622.74
1961,Nadd Hessa,2025-05-01,9345.79
1962,Al Barsha South Fifth,2025-05-01,14592.53
1963,Hadaeq Sheikh Mohammed Bin Rashid,2025-05-01,24262.61
1964,Hadaeq Sheikh Mohammed Bin Rashid,2025-06-01,24983.69
1965,Me'Aisem First,2025-06-01,13495.28
1966,Al Hebiah Fourth,2025-06-01,12516.16
1967,Marsa Dubai,2025-06-01,22950.82
1968,Al Merkadh,2025-06-01,20204.705
1969,Nadd Hessa,2025-06-01,10810.92
1970,Business Bay,2025-06-01,25911.2
1971,Al Khairan First,2025-06-01,26070.665
1972,Al Yelayiss 2,2025-06-01,14157.715
1973,Jabal Ali First,2025-06-01,14188.89
1974,Al Barsha South Fifth,2025-06-01,15256.875
1975,Burj Khalifa,2025-06-01,20665.455
1976,Wadi Al Safa 5,2025-06-01,14135.435
1977,Al Barsha South Fourth,2025-06-01,15509.525
1978,Al Barshaa South Third,2025-06-01,14272.259999999998
1979,Madinat Dubai Almelaheyah,2025-06-01,32775.21
1980,Madinat Al Mataar,2025-06-01,16982.16
1981,Al Thanyah Fifth,2025-06-01,16151.11
1982,Jabal Ali First,2025-07-01,13987.765
1983,Al Yelayiss 2,2025-07-01,13560.155
1984,Al Khairan First,2025-07-01,25185.99
1985,Al Barsha South Fifth,2025-07-01,15517.67
1986,Burj Khalifa,2025-07-01,22022.575
1987,Marsa Dubai,2025-07-01,23485.72
1988,Madinat Al Mataar,2025-07-01,16926.71
1989,Al Barsha South Fourth,2025-07-01,14427.155
1990,Al Hebiah Fourth,2025-07-01,10779.11
1991,Hadaeq Sheikh Mohammed Bin Rashid,2025-07-01,26980.13
1992,Me'Aisem First,2025-07-01,14045.035
1993,Nadd Hessa,2025-07-01,10686.134999999998
1994,Business Bay,2025-07-01,26062.61
1995,Madinat Dubai Almelaheyah,2025-07-01,32237.94
1996,Al Barshaa South Third,2025-07-01,14714.34
1997,Al Thanyah Fifth,2025-07-01,15035.54
1998,Al Merkadh,2025-07-01,20333.67
1999,Wadi Al Safa 5,2025-07-01,14339.27
2000,Madinat Dubai Almelaheyah,2025-08-01,32859.17
2001,Al Barsha South Fifth,2025-08-01,15729.32
2002,Madinat Al Mataar,2025-08-01,14729.08
2003,Al Barsha South Fourth,2025-08-01,15372.615
2004,Al Barshaa South Third,2025-08-01,14222.22
2005,Burj Khalifa,2025-08-01,22350.11
2006,Wadi Al Safa 5,2025-08-01,15198.785
2007,Al Khairan First,2025-08-01,24760.165
2008,Marsa Dubai,2025-08-01,20577.16
2009,Al Merkadh,2025-08-01,20643.27
2010,Al Thanyah Fifth,2025-08-01,16886.41
2011,Al Yelayiss 2,2025-08-01,14277.39
2012,Me'Aisem First,2025-08-01,14033.51
2013,Business Bay,2025-08-01,28518.955
2014,Jabal Ali First,2025-08-01,13929.89
2015,Al Hebiah Fourth,2025-08-01,11774.15
2016,Hadaeq Sheikh Mohammed Bin Rashid,2025-08-01,25013.24
2017,Nadd Hessa,2025-08-01,8099.47
2018,Me'Aisem First,2025-09-01,14411.29
2019,Wadi Al Safa 5,2025-09-01,15382.12
2020,Burj Khalifa,2025-09-01,24217.265
2021,Marsa Dubai,2025-09-01,19949.3
2022,Al Barsha South Fourth,2025-09-01,16037.95
2023,Nadd Hessa,2025-09-01,9631.95
2024,Madinat Dubai Almelaheyah,2025-09-01,32680.155
2025,Al Barsha South Fifth,2025-09-01,16940.52
2026,Madinat Al Mataar,2025-09-01,14819.25
2027,Hadaeq Sheikh Mohammed Bin Rashid,2025-09-01,23917.27
2028,Jabal Ali First,2025-09-01,14236.38
2029,Business Bay,2025-09-01,28767.865
2030,Al Merkadh,2025-09-01,21051.64
2031,Al Yelayiss 2,2025-09-01,15179.83
2032,Al Thanyah Fifth,2025-09-01,15841.24
2033,Al Hebiah Fourth,2025-09-01,10759.825
2034,Al Khairan First,2025-09-01,26815.16
2035,Al Barshaa South Third,2025-09-01,14901.54
2036,Madinat Al Mataar,2025-10-01,14395.39
2037,Al Merkadh,2025-10-01,20752.81
2038,Me'Aisem First,2025-10-01,14087.025
2039,Al Barsha South Fifth,2025-10-01,18060.85
2040,Hadaeq Sheikh Mohammed Bin Rashid,2025-10-01,23765.24
2041,Burj Khalifa,2025-10-01,28687.515
2042,Al Yelayiss 2,2025-10-01,13504.39
2043,Al Khairan First,2025-10-01,25139.4
2044,Business Bay,2025-10-01,25967.58
2045,Jabal Ali First,2025-10-01,14542.77
2046,Nadd Hessa,2025-10-01,10256.78
2047,Marsa Dubai,2025-10-01,18992.81
2048,Wadi Al Safa 5,2025-10-01,15715.22
2049,Al Barshaa South Third,2025-10-01,14864.25
2050,Madinat Dubai Almelaheyah,2025-10-01,33376.21000000001
2051,Al Barsha South Fourth,2025-10-01,15737.08
2052,Al Hebiah Fourth,2025-10-01,10778.27
2053,Al Thanyah Fifth,2025-10-01,16634.16
2054,Al Barsha South Fifth,2025-11-01,17735.375
2055,Hadaeq Sheikh Mohammed Bin Rashid,2025-11-01,25729.685
2056,Jabal Ali First,2025-11-01,14105.23
2057,Madinat Dubai Almelaheyah,2025-11-01,32858.33
2058,Business Bay,2025-11-01,26922.985
2059,Marsa Dubai,2025-11-01,20624.875
2060,Al Thanyah Fifth,2025-11-01,15442.4
2061,Al Yelayiss 2,2025-11-01,16502.02
2062,Madinat Al Mataar,2025-11-01,17465.425
2063,Me'Aisem First,2025-11-01,13720.61
2064,Al Merkadh,2025-11-01,21005.11
2065,Al Khairan First,2025-11-01,27546.07
2066,Al Hebiah Fourth,2025-11-01,11512.75
2067,Nadd Hessa,2025-11-01,9486.42
2068,Al Barshaa South Third,2025-11-01,15360.5
2069,Al Barsha South Fourth,2025-11-01,15463.11
2070,Burj Khalifa,2025-11-01,34356.81
2071,Wadi Al Safa 5,2025-11-01,15825.035
